'SP18P831TBGKSGMJEMJM0V29CMKJP650ZT21YJ3XX',
'SP2N3KC4CR7CC0JP592S9RBA9GHVVD30WRA5GXE8G',
'SP1DJWJNKREHT3YGRB09DRCYD1QKGK5DKF8V868VX',
'SPF7FJ9VFSVKNWH7JWSNFTTCG3P5Z0429R38KV7S',
'SP3VTC5TNYC9ZJ5NZ9DG4HHZP5Z21ZM5JRSF6M5MD',
'SP3J0Z8YSJD20TGEBE6M992CWFDG18VB0PR599VY9',
'SP34455SJ4NJ7MCKV7CN64JJTVDP3VZPMVT54BH57',
'SP2EDRYCPGTS32HZAGWV54RAVA2GTW0WPBP4HGCXR',
'SP3XD84X3PE79SHJAZCDW1V5E9EA8JSKRBPEKAEK7',
'SP1HHSDYJ0SGAM6K2W01ZF5K7AJFKWMJNH365ZWS9',
'SPM5BVEBYCN2Z1AR2E06A69HF1W70G7V5GZFDNPR',
'SP331R3MQE82TBWV5R4WGZAD6FRDBN6S5ZN635CG2',
'SP3P1TCXN3FP3V79YWXC49F5X2HYKS39CMCP5FEHN',
'SP1E8A3T3AW2HRFB5FXMYWB2DC0TSC6H1EGTHND1W',
'SP25SF2MPZZS8Q20QA3VTYJXTHAHCRNM5MSZYDNB0',
'SP32ZYEZGWHHFQ5RX2WMFVDXR77C5WWQP4EK7E6HC',
'SP2ZNGJ85ENDY6QRHQ5P2D4FXKGZWCKTB2T0Z55KS',
'SP02A6KK9V9M4ZK6YVNVGJ5T2954JWMF2P7SNKNT',
'SP2FA1H3K9FMY2CQ80WWT2JYMHZ5Z2B810AT41APW',
'SP2855G3MZ3WFS5P0NRK098T1DKQ3QH5MVJ14P70P',
'SP3XMSJSV1TYRP69PAC0751P483QZ3E17R5GTV4CX',
'SP19WSDJWTH4CW3YG554XS5CAXJJGAN83P8CFZ4K1',
'SP1XY983C1MEXM83MGNJC2JAAEGYVYZY5BYW5KS4K',
'SP2VG7S0R4Z8PYNYCAQ04HCBX1MH75VT11VXCWQ6G',
'SP2ZNGJ85ENDY6QRHQ5P2D4FXKGZWCKTB2T0Z55KS',
'SP3XYP0HYZHKHJ96THQX8AV7TQYJWMF8PP30K0RX5',
'SP1KBVBP3AZP7YA968Y3G14A17P9XXFPBPEVF5EG9',
'SP3VCX5NFQ8VCHFS9M6N40ZJNVTRT4HZ62WFH5C4Q',
'SP2XWGZ4XNGX3CBMJ60WB8WY5WWCBXAY21M80WT2Y',
'SP3B8W1S6YE0Y46VSSF1MFEVCATPN9HHQ9VPVSBD8',
'SP31A0B5K60KHWM3S3JD0B47TG3R43PT1KRV7V53B',
'SP3M6D6M2BS7FNEFV111ZF6WQYATNJZ89Q7MXSPAE',
'SP2ZCJT4SNB1D2WP539VGY4XH1DVH54NJTRH16PM1',
'SPWAWSHE24QJZ5236NB14S9QX5M9VMP2ESVYRPMQ',
'SPRA6FK6C5N1Z7G61N77YWTN2C13GEX9NXQ23MX9',
'SP38GBVK5HEJ0MBH4CRJ9HQEW86HX0H9AP1HZ3SVZ',
'SP0AY7B7GKT6RWYEBVYVJTY5BS3FTJ434T6VPX5X',
'SP1NGMS9Z48PRXFAG2MKBSP0PWERF07C0KV9SPJ66',
'SP3M6D6M2BS7FNEFV111ZF6WQYATNJZ89Q7MXSPAE',
'SP1MKKX1CDRYNRGSA1E1BE4C2Q63FK27K5ZWMATYE',
'SP129BVWPY2JQV0HZMGHD201GSWVM6S6MD1JWWGNV',
'SP3RBMGTRD92F0S8DTDJ4FVP3D76SM4A27EV93106',
'SPMQAMQP7SD25HRENNHHRK38PY5M2AE6SWVZVY56',
'SP7QXF69DV4B5TV0GJGJFED2JBRED62BAX24R086',
'SP3RY185H0R8TNX4PGRYFZ07AV001N23N1FJX9MEE',
'SP3XYP0HYZHKHJ96THQX8AV7TQYJWMF8PP30K0RX5',
'SP1FRV07JWJCK8EJ37GM5SP92C9FXR5AND211HQC3',
'SP7QQ9DV0DMV7YW4HR713MKBWADVA0BFC2J65PJT',
'SP1KBVBP3AZP7YA968Y3G14A17P9XXFPBPEVF5EG9',
'SP3G9PTDQ03M7DM10HJXAAJWKFY0GED64690PH2RS',
'SPASD4TMZ7X1MC1D9T2WVS06KYACQS34Q5NGNZCJ',
'SP259VQGHWJXZS8T9Q8YXK248FTWNA3AGBJFX0P6N',
'SP29T11N6X6RRTJVJ6WV11EP6E1JW1G9YWMEXE89W',
'SP3JC3EKSBWF35EAJN5FXAMRHMG0XAV6TPQYJME1T',
'SP3EMKWJWW9V54X1MGAPDPNBERHRDHG0NM2RREPYW',
'SPQWKZ3MZ8AWJF0J230JBWKF273S6WKH1WS17Y2B',
'SP380ANQR0PHRGXQWHN7CYMKC8KSJS2MDBZA4EE7S',
'SPWC45P8JQP1VG9NDNPJ6ZXPVZ4XXGK06GXR5XN3',
'SP3SF0PSD7KYVJQPKKRBYJFF7NENGFHZSBVHM3B27',
'SP1K7RR1HEN2TD6Q9NYTECYSC11JDQ7R4GB1HSAHX',
'SP1K7RR1HEN2TD6Q9NYTECYSC11JDQ7R4GB1HSAHX',
'SP2VNFW9MQ96Y0952V441X8QWHPRTPS5GD43F7V4W',
'SP3284VKS9EM88J4YRQFC3HHF4ZJ4ZTYFRQHH8ZM4',
'SPKGS0Y412RTY88A4A8S1XF8EEPRM3BVJ4FJ8GYP',
'SPF7Y6JJHA7S8KSBWB0ZJJAKQFGMMJ759EDH8KPT',
'SP3E3FWG7HCZ0ZQANBY0EB5PV2RXMQG18NG08MGW9',
'SPTXCHZTNRND5G0BQ7BAEZ47PARG0W04YGFHMPDV',
'SPDH4MRBTPA7TY969XX57HB0EZJSGTTHP5ZBTAPH',
'SP2Q5WHA9NAGWQV500HSV93SEG8PJDNC6FAH88EP4',
'SP3FEMRF8WWN9WV3KNG6NDGEVSW23XBAXBFBZ93MA',
'SP34AB3GE04JF5YY1S6ZNF99QFKNY218J737G85G3',
'SP380WYDKAB86C0WPK6FZFRCB3DDZTWKETDWQ9T54',
'SPBY4HSEJ3N8Q54JFJ7VFDC5TVMDN1NYWBR20N5A',
'SP1M4S6VV1NN03N95C97SGWRCRF55CYCXJCJ8JHG9',
'SP39TAEWH0DYMK8DZ00D61DMA4D4N544HVGQHVJR7',
'SP3Y8BZ5RVGP11MEBCF6NSEQJ31YGAEKPQ85H8156',
'SP3Z2E62SMSDFE7N25JC6V6G2X9QKEV350AACZQCG',
'SP3WV7W60ATCSRAY8941JT789A0DYVFQWNT1N6NYH',
'SP1CMFJW9J8WN7R2XJ26AC90AARGW68R1CWNYDANC',
'SP380ANQR0PHRGXQWHN7CYMKC8KSJS2MDBZA4EE7S',
'SP1YFBFQYPXTD0GS180M868YVZ8BXKZYK06QC0WZC',
'SP21F9X20AXC2KFVSGXHZVZHQ1T7PR2P7WAYYB78E',
'SP11W53JZFRFGB58Y8GJAZW48YAHM9JM27MSJ863W',
'SP28S4B855DXCVXE58V83EMS23QM3R7RJ3BQA6EHY',
'SP1YFBFQYPXTD0GS180M868YVZ8BXKZYK06QC0WZC',
'SPPZTRYYGZWA7BY3YX6NSXFE87CWJE0FFVEXCQ9Y',
'SP2YYG5F3GKC2RWCQGFMSRAKS2BY5RCNZZMKV7BWD',
'SP3K6KY0GYGPATJDY4RKX0FNE8TQWHCXJBQ2NZWVG',
'SP11XX0PCQVE313J2X3TAHGQ9T1T0NMMEN4XMHABQ',
'SP2H0DN9ME86K8V5JGFT09ECN35QW6KWBZXT3W0XZ',
'SP3N8ZJBY5R6V4QNW7GR7GA6VG73WAYXAFPEMF69X',
'SP259NNCXTF8T3MM6GN7SFX30F3WVSW72FR20GJJ3',
'SPV9SHG0KNS3NFBBKFFN8A8RYZMKZGKNMBCPDH0S',
'SP3YS47N9JQSP57R3CHNW28M0GD3D067YCAP4ZB7J',
'SP3ZW40EN0XN0JVEKJ20656MSDV1JB4Z80DG6FEK3',
'SP2EZBRH2T5A4TPFFTDK48CHR0WG95YZZA4HC1TJE',
'SP3V1JNFDVZJ3MCF7B8VHRR94VZ0F9ES3AYR8MRKQ',
'SP7T6J7JRKSAZH02G283M8GNCXT96BACHDRQ6B4C',
'SP1AF7TH2DDN2XCFFEVXKF15VVYW2X68CDQW3G4MK',
'SP39WTKHH436QV6BTS9EKCW64CFT2AYV7XMVTCY0N',
'SP2S7Y7BMX7Y73FHV3SV9W1EE63EQ98BE95PZ4C4E',
'SP1YD37JV9TG74EM8TSBSSBYYMNMWE6ANBSF2PQ1K',
'SP1WQFZWWKADDEF1B6Z9T30QHWNY3VR9X0MZC63G4',
'SP1BJKWZ618EJHDRC4RV6XXE72MZCKDAEWDMAJATZ',
'SP13QC2G49PXXA84H083Y1PMFS2PGXM583HQ8TQ9F',
'SP3M6D6M2BS7FNEFV111ZF6WQYATNJZ89Q7MXSPAE',
'SPNBYP1MY456K29804XHT4PY5QKMSXNRBHGADTDY',
'SP3M6D6M2BS7FNEFV111ZF6WQYATNJZ89Q7MXSPAE',
'SP27Z117BT8GB92V63MN4H84P7BHJXZB6R7SY3W4J',
'SPNBYP1MY456K29804XHT4PY5QKMSXNRBHGADTDY',
'SP1FV4FZ8D32S7GKYRPFWK6YHRJE5BZEYKABK72Q3',
'SP1W577DNF1JZJ6MXC4CTT7675KBNBS8XNSR33R1S',
'SP3N0TH3N7BDG4WBSYV6FE2ASSAPEGWK47EEWD9TV',
'SP36RBBMH2KTHE9KW799S7FAVSXW3CHP7HRY4H59E',
'SPJT8G4DA24ZDF35WMY5FZEQ9YJNK38DBN2D48QH'