'SP2C2YFP12AJZB4MABJBAJ55XECVS7E4PMMZ89YZR',
'SPJT8G4DA24ZDF35WMY5FZEQ9YJNK38DBN2D48QH',
'SP2C609CVJP3Y7B28MPPR8JTQ5C3MZK220KMX227K',
'SP2FA1H3K9FMY2CQ80WWT2JYMHZ5Z2B810AT41APW',
'SP2X3755VRDZQPZCZ72PMH260J4NQ4J55GA9GAE9W',
'SP3N8ZJBY5R6V4QNW7GR7GA6VG73WAYXAFPEMF69X',
'SP1Z46Q3V6AJFPR9B8R4K7F04QVE2YW6ZNEJKG5VN',
'SPPYHFWFHSG0QQYYQNTQH9K4D67KEMSN5XCADGCP',
'SP1NNW868ZRFXHRNQKSGQ8V88ZQ1E3HNSKB4P2W1V',
'SPMQAMQP7SD25HRENNHHRK38PY5M2AE6SWVZVY56',
'SP7S0VEJ4FW96NEJPQ7ME36CZVKQQZ2AWVK45GTD',
'SPDJ3K9JDMNVMNP8TEQAM4SVVF0PNPQX49ETKT66',
'SP1T7QT0MZZ318GW7HJ91JNTQG5BX438PNH7B5Y1J',
'SP3251DB02QY1EC543VFWVRVD9GRK94EA5Y8W1289',
'SPQAEDJAGGMB2JBECE5XD76KJ6RR8F4XJ4VVRJTB',
'SP2AGG1PGJAECMC4TYVSAETAV5A8D8JP71FS4V0GE',
'SP27DSHVCV8WH5R85XSJDFS314VWG33FGZKJK7R8F',
'SP28KYD8TQC1QHTZ7T0B84AK5NYPFS4SH8WZMZ5A4',
'SP1KPFR7V580ET246ZN29HD4RVQYE2SY0WKHXVBRR',
'SP2K0VG0Y0V5CZA7YBNN07E6A3M1N7KM4QB8KKQRW',
'SP7T6J7JRKSAZH02G283M8GNCXT96BACHDRQ6B4C',
'SP1DJWJNKREHT3YGRB09DRCYD1QKGK5DKF8V868VX',
'SP1Y4M4VR1116A7CT847AF6RJZSVM0JBRJH5Y2FY5',
'SP38GBVK5HEJ0MBH4CRJ9HQEW86HX0H9AP1HZ3SVZ',
'SP1K4AT7KDB9AE2EBRNFQ7M5VK4AW4N3EECR114Y0',
'SP314228TP77PCRCDM0JXD5H7W9FV9QPK4XJ6HGGX',
'SP3WV7W60ATCSRAY8941JT789A0DYVFQWNT1N6NYH',
'SP1CPY5TEF0XJ10AAAVBY74D68FYT6YGB9RBNXEXX',
'SP1HV1SMYSWEGGHTV8T090EP89ZV6J8DXGD1TFAFZ',
'SP3F9JD1E70M66PGYKPS4Y9SWZ9VC07QQNTJ49TEF',
'SPBCR4Q2CB41S2ERXRCPYJ4XYD2D5S2CM81H8JG2',
'SP1FPVT5DH41T5RA844NNQYX2PRZH2KMBNBVJQJT7',
'SP1KENA4ZQ6SMDSS19X3QF0B99TFH2RXYEF72PZDR',
'SP1GGN8VDRWSDF2HMTY4YVCTG1ZKA5E871HNR8ZY',
'SP2M7K3YM8813404G1R7AXV106CPWH0Z5ZA80JVAV',
'SP6A3WSVP16NNCFYVRVVCQHBP7RZ4M2M71MTQJ2Y',
'SP6YC140QEB5Q6T4SP6K93PQNZXZ30PX02PA79D5',
'SPHBCM5GPADAEPYGPQQSXAX9PJ4WWC30DW07D9H1',
'SPV9SHG0KNS3NFBBKFFN8A8RYZMKZGKNMBCPDH0S',
'SPPXDVB5CT002QSJZ4FHPSNR4GMJ94K8ZY6XS062',
'SP2FY8MV3EZVRTG2Q9J1KMMRVKC86DQ00BGGCQJXQ',
'SP3PDWEB65GV4N4W1W0ERD4Q047M10TF72ZBRSPMN',
'SP2V4GKQ28G0J1640870FNJWQ5F7WCJMFKT16X1TQ',
'SP3P1TCXN3FP3V79YWXC49F5X2HYKS39CMCP5FEHN',
'SP2855G3MZ3WFS5P0NRK098T1DKQ3QH5MVJ14P70P',
'SP21GTVTEEDQBBQSK6FPEG4G4XGQRJGJDQV41CAD',
'SPFF6TZK4Y9YZ1Y9K0K6ZDNX1HWQ8MYPMFZAY6N0',
'SPNAMJGDVGM3P0E7JTZEWCPZV8M7J2RDWCGRXNN9',
'SPK42JR8Q2VNVBC8SAM1M2BQ5SEZC0JPZ295Z62Z',
'SP1YKGC22FDNGCNBBX2G3Y7VX9QCZ91XQX19VY0Q4',
'SPQRJEBEVBY8K90QQ42JX71YFVX8Y6YGQ09RXJS9',
'SP3XYP0HYZHKHJ96THQX8AV7TQYJWMF8PP30K0RX5',
'SP2X4A0M71D5W136FEJDQ3C4FD7SFR8EBQ45A3KR0',
'SP2RV0KXYD9K2X2NJAYGNBX7WAWD2W9K0KT2GZTT1',
'SP3ABWGTMY1XGWB44CJ04THM0PKSN44ZACY5S4Y4Z',
'SP2BTMRZDQF4DG426H4C755Y326XN4K2WK9QBQXDS',
'SP1RF48CZESEQSWTDQ2NEGX3NNVXKBQ9SDMXR2PZ8',
'SP1J85A1ZK6S7E5ABNYBA5F9H8P49BH7C7VGY7WJH',
'SP3CPMGQNXZ3645PF168TRN3NKB1NY4QE39E4ZA3T',
'SPVYSWPFMPA26JZNYDG0JWMZWPGXSGF328C91R3V',
'SP37WYJM5JHY0BCZ1DM32YZMBJWQ1RY5SG1VT5C4E',
'SP3A82Y231J9MPW4G8YX4M7EBXQC4HKMJFHHF5DQ7',
'SP1Y7CZMK5EPXPCGTGWAW7BYPHKRWZ810CFKY51TD',
'SPRA6FK6C5N1Z7G61N77YWTN2C13GEX9NXQ23MX9',
'SP3WMB2SFPG67B5JBAH1KHMWK5Y8SNFJN0KJMJ0RY',
'SP3V540F0YRSZAJXEV4W53G8AQWA1JPDWNJQSRMHA',
'SP146Q72RYHF90QNZAG02AE4HFM2GJ8PF6JGWZ258',
'SP1GDA6DQ953AFSX06SZBZ5CRT1Y1YKD7RQ3MY9TM',
'SP6ETZMX8PZ5WG8HE47WZ9M3M6XJ4AR8V221ENNH',
'SP28G4E0H196PT4613X3RAN4E2JE13G7KMK47RGRV',
'SP12VTBRY3M9X3HKZH1ST668METTXR452V29XF7QJ',
'SP2P2B3VN47GT79ZRBDZBSY3W3AZTBPZKD6NZ9D5G',
'SP2ABPS3AFNH9XQWHN6M16GXVXQ99DCG0TR65MFRC',
'SP18T26HYTTK7R302F5WVHN4ASA574RFWSGWJK2JJ',
'SP2655Q19ZQ8HQNYR873XCJRVCMJ888BMYSWDWFY3',
'SPATWT835C0WS9H6JXV4A3CBW397ZYJCK1B1SNZT',
'SP2P7H9KZVN1BX353WY2HJ9A4QVJZ9WRY23J46XBC',
'SPH61PA264Z9CT878H17QYJXWJ28P1TJ7NRAR7PG',
'SP3WJAT6QM4DBQPEE4V36S6MKEWT0P0Z8VX1B7RMQ',
'SP3RRMZX20PESCEWV7HRSRA7F0BRNHGZWZFYFAYZC',
'SP2SZY5CMW2WTA07M7FZ3BXKP622GMESW0344JVV',
'SP2P6H0VMSV0TTNBB1X57TT154PYPRK32KH7CRG6C',
'SP3VF5Z0EH7F81HDRS8Q69ZDZJ0D7QKX8VK1ARS80',
'SPTCCXBRZKX5TDA8XVMEQPMAHHBDRVG21A6A599J',
'SPFD0K6JMEEA08VYY2552Q7JN054BWN59SYCJS3D',
'SP1FV4FZ8D32S7GKYRPFWK6YHRJE5BZEYKABK72Q3',
'SPQC38PW542EQJ5M11CR25P7BS1CA6QT4TBXGB3M',
'SP2XWGZ4XNGX3CBMJ60WB8WY5WWCBXAY21M80WT2Y',
'SP172ZXH6NM1C47HA60APXRFMKFFHS9MFMEM7XT0G',
'SPGWZCXTJ5V64FQGY6QAZN9A7GH3VGJZQGPPPQWC',
'SP3V2DGJ3EVPY680F4N7ZF69152W05X4JH3X0P6RV',
'SPJE0XFYFJX2K6BMPZXD5FQXQVB9F17VT3NCB4Z6',
'SPQZ94RC1JB4YQYDD17WSH397G83RP21G8Z9CHSM',
'SPYF9PC72BSWS0DGA33FR24GCG81MG1Z96463H68',
'SP3Q1V5X8EZ2G5H27TNDDGR5VDYBPG5Q046XE7ZRM',
'SP33YV1AR5H9M7YPWYNR6FHFHG49MP8MEF49JPHQX',
'SP2HBQP3RJS70KRYKD1WCDCDV1CPNJV7B33HKS1A0',
'SPG843H33HT78F5H536VQ9Z7JJ1AR3DT6RG3JB3V',
'SP17GBPGKK7P34RB5CAZXAY02Z8W1A1HJ45TQ9QKG',
'SP2Q6MKG8G12W5KFSD41C43R9YJVE8E0CKR81MGE5',
'SPVMY3KNEF6VZ6NXG0VCRR88XGZQ6AQQWB9ACWP0',
'SP1DTNP1973ZGMXPN21RBB4P73Q5G2H4JRMXN35ZR',
'SP2XFXC4DCP1VJJBJF24ZZFN406B3NJSZEFKZ6J17',
'SP2MY62APV3BTNNTJXHEE21P64ZZNS3G4CB2XM986',
'SP1YK1VXJXD2RWTZ6M8TNB99KQZX0EXJ9RJ591E15',
'SPYA4ZBYACWVZGSY9Z8WZ3R1JY46GHS7K3J5Q4XW',
'SP16STAFM1PNC7VHN8424DMDPTWMSB2NCEG2X4NPM',
'SP25SF2MPZZS8Q20QA3VTYJXTHAHCRNM5MSZYDNB0',
'SP3ZW40EN0XN0JVEKJ20656MSDV1JB4Z80DG6FEK3',
'SP3WQ2EDM1ZFX44DDVM7C0860BXJ4C6KK03S8ZJ4K',
'SP3DJAJMBFRBFR29YEDVNVQ9GDNG21C4K1CCP6V5S',
'SP1VGPG03SH9796160PTA39N1HCQ46R852VX5QESV',
'SP2EDB1K94AD366S9D0YAJJ6GGSG3PXQN8WJB05BJ',
'SP19P51DNENYEM96PVNKSYNJE4Z5705ZJC08ZS007',
'SP3WFZMNXB3GPCPJNYH8FTWEB4KBKPTCZGAHB16S8',
'SP2TBVDEK9541R8VJKMSGNR6VA8VSA8RPH0AHZ6AB',
'SP235AQN6RCFW5M6H4BM96KFTEMMN0ZHWE8X1E7P0',
'SP2AGF6M6KDK773E1R5AYEXXGYNA41SHSCWR45Z5W',
'SP1AF9R3GCMFN280M3MVKSJ4XYC6EFTSCBQ6ZC3NT',
'SPT3KDMJH2ZTGJMDQT1YE59EQYMPCBWD34WW0MKR',
'SPXVXZZZYY7Z96DAAHK5QTSNF7AHR0BS0EPGV1YM',
'SP159A7QXQV1TXC7S9WT9MB7F23WKP8C5MN6VNR98',
'SPG17S9Q0XK1JTCM9FY00S0C2MH8ECAQA1BB4T8Z',
'SP2PJQRYKT9RD49852K6KYZJ5NKN4Z73W2Z0R3G0K',
'SPX7J7BZRHFEMAW1AXF6PPT3WZ29ARZRQEM06043',
'SP1RS5ZXK8D8VRNBGVA36PRCS2EJC4C0SPSKW7JN',
'SP2M18X7K9DKJWNEP33S1BJXH4FPDEH0D21ANMXHR',
'SP31KC2HG7RSZHMMY7ZTR4SJ63M742WE6QVHCTVG4',
'SP3EQVBNZF2PAX52NQP94P0S8BP81A7E0J1RFYMWW',
'SP1RB63ZYA50H6M96SHQFWRX0ATQPZ07D5KNBJV0A',
'SP6ZRJRMFAGCMW9K05EDSSTDPREYW6RKEEW75APY',
'SP3ATPYJHSG4C9H48RWGXJN913QSY8KZ09KSD88GS',
'SP3DPXHEAQ34YVNC7NADP1BSYXWSDTW9KW6PGTAM0',
'SP19B7JPCGVBP2TEZ32FYHVQPWD9JGVGVBWZJNFCX',
'SP3JYTEYFKCY12WTY7TNRCQ392D1WF0YTPV71P0EM',
'SP5J8R6KKJ9PJ6TWFTXTG4ZY7BMABCT6KN694WV5',
'SP1MN5ARWJGC7QW17809WY9B4RR10F24KB55WXMDE',
'SP2M8H2WD51MP1YWE1Z65T3ZXP5MM362YNWSP3E3X',
'SP2N718HM783CA5W6DH1V3B1DSPNE1YWT9CNHT9S0',
'SP1K7RR1HEN2TD6Q9NYTECYSC11JDQ7R4GB1HSAHX',
'SP3HEPKFWWGRAZMYQK829NEVBQ4XN051WE3A63FKK',
'SP2Y4Y133J0FG8F1MD1886TA465204FX3AXX0PAD2',
'SP2ANYWDES6G8G04FJR0G66APEQK9PP9NFYK641KH',
'SP8990Q73WBPD6YCM8VEVKWWACEA2C107WBM1MAX',
'SP15CS9BDGKTJFXYY2F7Q0J03P2EPNGW36VWT6S9A',
'SP3JJC9CVH2251JC0B4QTPS661H6JNTA2P9E6HA6N',
'SP24H6Y2D2A7CKVF3TNFGB1BT5TEQKMVVVE458D3C',
'SP46NH8KM1G3ZSXNZ4Q4E5GW1GR91RHPDJQVWNA4',
'SP36YPRW5SJDK8S2FWNCVWAHC08FVNP5W6TY3JXBM',
'SP34AB3GE04JF5YY1S6ZNF99QFKNY218J737G85G3',
'SP37XZWB0DWXNKMT0172HHMWCK35VBBEK19DN2YYT',
'SPA0WVPQNE7K9STNJ5WVB163R4M5PK29VNKABJET',
'SP3Q910XBXRYTGA0DHHPGDC21V7KMAVR7RH80KCTW',
'SP37WP07K6M2FEBEDB7W97QQ5WVC0JWXQZ94DVCJB',
'SP7BEKJQZHY73TPMESYZ62RHVBYS3G9478A87B2G',
'SP31A0B5K60KHWM3S3JD0B47TG3R43PT1KRV7V53B',
'SP1FRV07JWJCK8EJ37GM5SP92C9FXR5AND211HQC3',
'SP3QYH60XA10PY0RN4Q1DTSG9NFBBBM3MZ1TQ4ANM',
'SP3Y551Z8JWJ9ZZG3XK5YPQWXBXDNGSAAXP27ZJ7K',
'SPQWKZ3MZ8AWJF0J230JBWKF273S6WKH1WS17Y2B',
'SPBJ62Z0RXQHVFSPJCMVWN4HMG38QZBC1SDBGC4H',
'SPM83YX1N803GNJZC2Y5RV3XSQV5NM0FW8R3T9WR',
'SP31SWB58Q599WE8YP6BEJP3XD3QMBJJ7534HSCZV',
'SP3RBV0J10KSQ5GRX2VNVAPEW5RD01JD4832ZWQ0A',
'SP1ZHG5SZSYGBTJ5KGEQK15VAWQ5EHVYMV70STB6V',
'SP2Y26YP28QDYNBSKNTCSZX6RY7XTX985M6FB7A0T',
'SP16TGFRKGZCACBJ6985C0TSM85CJCHANSZZEXKBB',
'SP2GB2RYGR7SMKSZ0JTJ83K1S57PNK69TAG3JVN56',
'SPEFCW4DY382E1YGJFZD4DQARNWASE5CT9P3V6YV',
'SP1YFBFQYPXTD0GS180M868YVZ8BXKZYK06QC0WZC',
'SP31NBMQPWYJ4D57YF4P7C8WG6TH1EXYT3N462EER',
'SP3PR3ETRNRY4MRTCPAGG2VF7HBC577Q87R0GXQV6',
'SP3V37TH6XP2SVF42RR9N2V92VM1JJ7MVAKSKTYDR',
'SP1QFTW3J9EVH1AWSQJGKQRKMXZWNER71PW3MDTH2',
'SP218TBV9HWW8QQRARHQ6XK7G10271SQTTCCTHW20',
'SP229S8NHNP60VT50PX68D68EH6BZQY3C0HKFP7R1',
'SPW4TAZXDKPT0NESWN7BFVSM6Z0TVNHAN2GAEW29',
'SP2NWGMBV60XJRMTCDBCSE5C6AZWT1RYP1FT192E8',
'SPC9ZGS64PTSAKX53TVWAJKYR19Z6KJC4C62YAG2',
'SP1RDHKN746B9YZAVPTVAMGM0GC8BG1KB89X1TK8G',
'SP1MDC1K90V5RQNXYRG9JC8CG6721FBDQX0M1DKP5',
'SP213476CCYBPEN784GPAPNYTHFCGGP11V5MZV04D',
'SP3ZWCFRGEJ6AH9T15DXPQ5H804RWWK1RPGAE0K2X',
'SP3JMWGH54DNFHCRZ82QQVX64XFY7P0CQPQMVKRD7',
'SP36JH17EVT1WCC4DRPF6CDP9HKCJ3RSH7T78EEAG',
'SP1M4S6VV1NN03N95C97SGWRCRF55CYCXJCJ8JHG9',
'SP04BPMR0564KQHTW6T3XTFBB2AJCDKAMDNPQ1B8',
'SP1NC4G4ECCCRJ1F14TSRC79NYQZ1NN0CW2B2GZBR',
'SP34E3BYCAXK8S7T411QZ04DQ2CR1QKVNXWSE9P1G',
'SP10QTPW74S8T96EJ9PQ5C6DR49Y1CEXX4QC9425Q',
'SPVB4VJPSJN97684YGRGKWHW18615WAGZ2GMD44E',
'SP3FQKYXA1J688JGWJDCQRQPCF14A7H4WRTYJQ38Y',
'SP2MSV1XW3XR2NSWK6RHDPF5QSK6KZYH9EYKD5N0Q',
'SP3YJQ7SRVXAHDK4AE93QSERG6A3CFQFQJ7B0NQ1D',
'SP3V4VQFHSM5MEZZTYWSTAT1GZTDY03EAF8EP96KR',
'SP2M8S0KGKRTRME6ZYT4KV17XMAKZA5H6XH6XJN5M',
'SP2V24M8556BXRJSKE4YJZMR4RQZ3QHFG5KP47WKF',
'SP2TC5449CVPM9E8EKTZRC39EEBCHK06635TDS0RF',
'SP2M15MPV81XE5C7W7DYSNRPA55WNTXSGCKG963GM',
'SP2046MFQHDG7K0EZ2V2RF2QNG9GW6RDASEX1EME8',
'SP2F6769X3Q6QWJTJTG3QP7ZYSK64V4DD30FSWBSM',
'SP3REPAPMMJCKM85V09R9X62YJH540GXVXTZVGJ7M',
'SP2M75H525KRHC4RK2Q4KWETNMF6ET78J3TS565E8',
'SP2GDQ5Z8GBSJP7BQPPARRXT79TQGG75VT9XVCRNA',
'SP2HY9MM9D32B7G2Z985VXV2A262001YWKH4JN53C',
'SP34JSBQFMM43HYQWJKKK07MFTQE9Y4553VA2PS5X',
'SP2V01PZ25VRX46DGQNP7PJ5FA6EH5EVZC2DD0G3F',
'SP2K92K5AKHACY39T8S81XRK5FDW6RNNHGXEP8EQF',
'SPAWQF1YYKW67PNFQG04B2H45CRHXG3YMT8MVSRS',
'SP5CHCJ4VF3W1H6V81QHV5SPZ5VPA66JQ0JSVS2E',
'SP143134JMRFYNSQRCV5J4KYRM7YYFT16SWPXDKGP',
'SP1FS4WP1SK5WDNN2A1M3NNAS7DA2XDPNFD5Y2GB7',
'SP18HFTC3WE7KMW517G5JVB74G3QDYCZBQ61WP8BD',
'SP12BPX5C1X48FF2R5W1JNT6PPVWV6PM42FT8EWK2',
'SP1J0HF1W5NG6Y3PY56YD5S65YAHZQQW52CCM9FSF',
'SP2Z2Z2FFN3CCWXZ5YVW2ZA2ND1PEDTFKGZRAQ1ZX',
'SP16KM2MMCPAKQWA5CX9YH6QBS30W37RWFXWVGJA6',
'SP9DGR8N9M638XD0SYH24VG8F7REPKXV60D8T24W',
'SP1XH78Z62C6ZB5DJ2X7NB2K4E5RVC2AV1KBV22MN',
'SPADFSEZ94D06AWBFV2HVW1Q0RJYRAYE5YW84G3Y',
'SPQZB84K0ZW6BNAVWETXHY6THQT1RYEMF930QZS2',
'SP1HHXR8745A20RZA6YGVZ98VTEZJNKR27N1NKFHB',
'SP382C6GYSKZC6KW2ANH45DV813ZDKW6RAAA9H0WX',
'SPXSMP2TWYX2TYTK2G55RVR8ZBT32X86EBPR2G4X',
'SPEFWA0G0FVY76TMJ6AC78CSR0NW5BRAKYA4DJQV',
'SP1VJGQD3JPAZ8W0FB3YF1A31C2FEB9PTXYSNHEPK',
'SP1RYC03KT220REEBAP2XDMG2XW9QD3QMJ8F0TT5W',
'SP3VH4DZ7HJYVHJYWE3JZ6A6XV5YEZW0TZFP55FVJ',
'SP1Z2TA43B8KQ076XDGWFZ7A433Z3JHZMVQ1Y9JZK',
'SP1PBTB232B983RR2WABKS4Z7NXXQC080Y6D6SZ1J',
'SP14W4AJ3DT0Q2JFDPN1B2EJFYNRVMGZRTD5FE5ND',
'SP96DY3S1EKPJW4SXBCZ31QKJSPDH9AHS2M2VP7A',
'SP09WHDXNV8F2YX2X85B9KZ9R4C963XM31TG21NZ',
'SP25VH260CJ0ZEDQVYVMG4RS4933PP0ZRM8CD3JYP',
'SP176G8412HEZTD9322NN5S3M3S3C6RW2PG799W22',
'SP2TMH8CW151B1NQJ7XZE5S3G3YS0SNKDKZJKK4XK',
'SPK7JWCYV0W88V2PKA0HDVSGX9JNV7S3A45QMX9A',
'SP1EY1NMMTHQ9DXHNC5R99R78XG3M1FAYAPJCJDHV',
'SP37DFW83KJ6N41KV2RNH6XEC64J8S5PSZ01S524P',
'SP2YSD9ARTVP970EJCFCAPKT8ABPD8TMH6K40S361',
'SP39JZJWAV59NHW38DWBE2502XZ6Q1JH0JXYZ76C9',
'SP3X3PMACSP95THN4KMD8E69WHR5XWY7KVS8HHFPE',
'SP3QQRP5924M5TCBJJE96N5TPY2QTNGAB2G9HXN3A',
'SP1NE6X2Z894FH9QP8NGSH2B5BJ98EQ5KG4802A02',
'SP2MM05TFVG25DBERBD7Y6RVXEKXG30KJZJ3R4Q55',
'SPVYWWZ3ZBVHWR2GCEMD4644HG261RSVAQJQ3M9A',
'SPKAZZ7Y8ZWC75S3SBFDA5MMWN0NKBNAE3SAE8X9',
'SP39TAEWH0DYMK8DZ00D61DMA4D4N544HVGQHVJR7',
'SP1JB3G44202RYWG04M3NMCZB781VBEW414QRMZS2',
'SP1QXCTVXK9PRN36HW5F932YKM0RKF5MZ23H0YZ0C',
'SP3RRBTE385R6MPDAQEZAR49S8N70DGR38MBW1F90',
'SP39VXCJY12ZFFCWSK2FSKTMND3995VCNWYBNANEG',
'SP17C8QAATPSQ3S8E68ZQKGPWTDFFTXBR3MXST7A6',
'SP10TRDNW4VVW85Y2F17X5EB1K90DD0XKG3WTDJMM',
'SP29MR92G1AEH540DQMBKTYCPMH6T20334PR9BB9',
'SP8P3A9HTE5TC8NE3H0GQ75C003SQF1MWC0BG2K9',
'SP1NGQ6SR9SJA6GN0YBC8ZM3XV6GNVKRTG6PQVTKS',
'SP28V79WH0PGHMM1BA96WQC9RSJ82JZNBXERHPZSE',
'SP240VJ3MP15TMTWA68KRWBBQ2MZ75XKZV3Z397VZ',
'SP344XR7KB57E2PVB060P3P1WPTYXCYS4R8A4RS1',
'SP1Z2CYDTV2HAMJV0EP3ZTKX82S987AFE0S4EEQWM',
'SP2WPG15HCSY1QSG7QAXFBG82TWAV3B1NW3P3DWTH',
'SP2EW9Z6B4F2H88VKEWVXQCY9PQP61PDEGQQJ4MCA',
'SP2JB3YT19W714E5ENCFNDG1MFNS3MWVDQH9XBKJ4',
'SP3Z2E62SMSDFE7N25JC6V6G2X9QKEV350AACZQCG',
'SP21125B3JZM6FQ7VSC1YXNPED2HMN7C7HEERGV8D',
'SP2EZBRH2T5A4TPFFTDK48CHR0WG95YZZA4HC1TJE',
'SPR7FXDCQ4XF9SH7B8P3ZP8ETE5JT5QFM41CDNQD',
'SP2Q456T5VQHRMBS345FSFTR209STZS3WGHP1ESP8',
'SPJD6SHARBKY79Q0A1ZM8ZKYJ3SRJDWDWR8N6758',
'SP3BV09AGQ71B3MSQH0HZ0NBRF6ZYVME7FZEMGN9A',
'SP37T0ECN1R6V4HERYJ5XADXCQ4SFYG7NTYA641E1',
'SP10V7890670FXSEDAF14AXYD6DZT0QMV9QS13VMD',
'SP3MK0EN74J4VBQ6XMR0BNNWQESHD6VBMDRF7WM0V',
'SPG2RX0KEHYZHBFWZ08YJH4454C28RNR90K8TA42',
'SP3K3Q8G6466VW9B78Y61FSG2RCH3G4WHHTWXCT3K',
'SP16476A10TSQSD019A6APY968ACDG3NHJA1CB7SJ',
'SP3CY3XQ1TJS1X4PAM6MGMXV6CDWFH1HM6EQWYQ3G',
'SP2HJZ9573HDN6A374XSHX83VY52MB5W6GET56QH4',
'SP359R4N83V6M8WSR3CTE4XR5GEQFAA43FS0NQVYD',
'SPQBW1GG42D2JXVR2Y794EYZJD5K03VGJC6DKMS7',
'SP2135K0Z51WN5WWXGYZSN35YWQCE6WDHYDXZGQKT',
'SP1CC4F8MVMFKJ3PVMGXJZEC2ZCPV6MMGVF921Y3M',
'SP2WHHAKYMWK2QPG3T1MH00XE8B2YCPC4BBAPPNT1',
'SP1ZH8X34YAHW38F5E41CWFFKH6FGD6DC94SA53YV',
'SP2GCCZ6Q7MQ98PXD2F1EY1HMGWTASGQCD01A1B7R',
'SP7RHAGSV5K6BQSNFZ79HVCAYVYP84DJHHVPXTQA',
'SPSSBCHRPNEKJ2DV5YAZMPRKDHDS657Q8XYK6QYK',
'SPP63TKK73CVQM3PCJ6D0NXTQGPNK9DKTF0FQAP2',
'SP3J0Z8YSJD20TGEBE6M992CWFDG18VB0PR599VY9',
'SP2QFT5WS6VF31CZTP00N2H7NSDS086GSDNA8YCFS',
'SPDHERF2NCMDE6CY9KEGF6EZRJ2D3S21MNGPFJCZ',
'SP11JZZTFQV8B8X0VB17AXXGEQA154PKVC5MSE49T',
'SP7EBX7WCRV110939WC2S7481D63JB5VFBJTE1ZY',
'SP1C671AAKE9M5T7BPR7X8F9WRK5W7A4PVMHSSPGZ',
'SP1NKZ6ZRRV56EBBP5MSQFBC6552REETXT7VZ0B5G',
'SP2A7S7DGSS4HTQ1YANH061C0183HQANNSMGXNKHA',
'SP23NE4G6EWJ7Z8NEHR7R2RFHV7CE0JJ9W7PCDQ1H',
'SP19PSC8Z962NFWYSG9SJC677B24SEC4DQ4ZGNV5P',
'SP12KEQZMGKQ7P2E1S9X96WVKXXE42TZKE79E8QYE',
'SP39CCD96828BA51S04BJWKE6ENHRC3V0E6XPRFCR',
'SP1644C7C5EW99FD9HTKB6G8P4PKC9FZH6ZTP13V0',
'SP137VZGWMCAXQZS0SJ49EP8QNQW0R2RQ6FAR9FVW',
'SP3NWS0XNR5DZZJWMVBA4SC2KM3CJKE6YKDTE2JX8',
'SP1EA5AMAG5YRJYAT1YV88HWTRB263PQ1ZK35AFH6',
'SP21FKRZ9G1Y2677G3VNHCB3PNZSSM7TYNMT18Q9Q',
'SP2AH81APQ7DWCKKPHVZK1G2NSSECQ3E9BCJZEZDR',
'SP22TYSCADAKM5K57E949HFP5ZVQ06PRAVJ700X3',
'SP13A1XES88T1VBVZ99YY9JB1NCADTJ3TR3T2EJN7',
'SP255NCNXMFQS2B6R0Q44C238TRM9WYMQ5A2HCEXP',
'SPRHCQH9DZPXKGQDMAB4CXT65722JCD1BTT6MRKC',
'SP2ZVMJPEXP83G3VCVVR5NDH3NRNW77FKZ1S4VYHH',
'SP2ZMR2PV9PXZJYFGD9XTFK17EV5J5BRVS0GK98QX',
'SP1103W7C2F60B1ADD6KDE9XJGP16YBNWY7ET63W8',
'SP1X2BE9518Q7AC69G7AM3FMP8F51PA0HKSFXQSHP',
'SPFF53AA1P84VC4QYGYJVG015YH8T6CXESTWTMRH',
'SP37AYEP259ER30DWN0DQSWZ69CTRSECVWSDKJPW9',
'SP3KRQY4ZPJGCM400GWZ38ZFDCFM40W639GA3183W',
'SPF9YDTE8KGCN9QF7TDDK1XPDF6R6D2PRZGP5YS6',
'SP1NGPJR1S5S74T7C8S8Q1KT98B8R3YDV55TQEPPT',
'SP3EBDZJH8Z3N62A20MKCYG37EXZ5R8FR77JFW5BR',
'SP1CYPF2DNAN6G4BJAES82E4JFKE6GAB58YP7QJT1',
'SP2JFXJQN20SHHCF6TMDVW2J0TSZNEPMH61YDFHSW',
'SP16QX1J6Z4789N4WVZF9DNARRZ04H2XPY6ENZSZ9',
'SP3DH2F2K80EP2GNC18MBJEAWWS08CKDWCB77HE0V',
'SP26VPEQGZETC51MSP23QSRTESYZY7VK7Z2W293ZJ',
'SP1MAVN1K5D9JJDVFK6RMJABE6NAV4K67G2SG34ZN',
'SP23SY381RZ6QXB1X8Z4DG6G8ETZDWZAT5BWEKCET',
'SPWC45P8JQP1VG9NDNPJ6ZXPVZ4XXGK06GXR5XN3',
'SP1H0E04NRGCDCHNHSNN3BKV0JE2TTGDK74DKVX33',
'SP1CH5DX57JGD9BCVT4TWQB3TNNJ5ACDF25HF0NKB',
'SP185345QBXH57YKKSX0Z3ZS6MBD2Q9517JRQ9FR4',
'SP1PKK6KJPM826D0X6AMCJ63KEH2M456M4T22WAPQ',
'SPXY801W2Q2XGSFHWPF2NRDRR17R78SJHRDVBGXJ',
'SP1F9BR2P9ECT4H3BXQ8B3CYD9SDTKF84NVYSHKN5',
'SP2GXCNC1VBWP0MVRJZPBH4N8CNRDWYYXZAW4282C',
'SP3SXZEV9KGEF5VM9N1CVHY9482XJ50MNS4KPSSCD',
'SP3VP65DBWXE6MHH6SKG2A7ZRRPWX4K69JZKWPEH9',
'SP1037RYBSFH8PPDGYQQH38BFCKFXS2VMSRWWYKQK',
'SP1JC3A83ZVEG6G12HM853M2M1KQTAQ96SKRBRJGW',
'SP271QFEBN0EH4N1XTFW8T3GZCZS2VJYAQ508QHVM',
'SP3YS47N9JQSP57R3CHNW28M0GD3D067YCAP4ZB7J',
'SPXC2NXVVCJFNYYFHF7EG9Z0NHAHCHZ62HNRWMTR',
'SP129BVWPY2JQV0HZMGHD201GSWVM6S6MD1JWWGNV',
'SP1NWT4G0T5RFR5PV499CR590H36MPGE9GPSV13J7',
'SPQ9KDVVFJVCM3H9NTVFXC7K3QMHJCKJP1FD65JE',
'SP1CMFJW9J8WN7R2XJ26AC90AARGW68R1CWNYDANC',
'SP1Q0GDNHDRJNKZZMXXCRCM8HNZ2JG8RPCD14W6P9',
'SP1WH97VSCG19ZA3ATKSTFHXQY4QYQ71E3EDZFWR1',
'SPDAR7T38R8BNP1E7THCG9NMBFJSGQN01JPDD2WB',
'SP3V8NEJ6X93S7YZQKWJRFE85JP6P7PM2Q1ZKY175',
'SP2VK6C5MQJ25A6R27P41CN6W3TECGH61DAQ0F9QX',
'SP14JJ983MQRCS86YPNJ3NNXTG1ZGBE10FVB0E2GT',
'SP3YAJ94BMM3CGZ5W9XCHWAQC1JTCMT70H5ZBMZFB',
'SP29PZ55K6YDGNNZNFWMVQM88F54YCDNB4X37HK6V',
'SP1VY550QT01SN3W273CZ00KDZT6R6S25KRNQTV74',
'SP2KG0M14BEEHGXCXJCHVAQAXCYAXF8Y895MYBWF4',
'SP31NTDV1482AW4FCYPRMEKFRVF1GTDAVWF4ZA3DN',
'SPMW0KQQCW3EJ51K35CDNF1AKMFTP5FC1XWRB85J',
'SPEARSQWBDXAY1138PDYNPPEC0W9R4FRX478JAB7',
'SP35J2ZDSA40992XATWN3743R3E8CB01ARD8TKPNE',
'SP2J6K67C42TV57F9DMMG5JZKD3SNS371NPP905HG',
'SP1J8PXRZJPT3G11B7C0E9JWB612TCXR1H3Y2HFB0',
'SP3CHBR8V14MX1D5WT4CSTG5RNG000HW45VEYEHGH',
'SP1PJY6BZKW5JXT4PY7JZNX27BVAR4ADHV4MX07AM',
'SP2DMVHM0NH211WF7MPGYZ2YS0CK4BH1JWPWFE0V2',
'SP3CHC5CKZGPZ3W4Q4JASMM5ZSMD3P7TQWNSE6BQ8',
'SP21VM88VH4R9KPWV39MA2J1B2ZB314GS2XF1J0PS',
'SPA5H15427W0V7K7FK0B9V202KD421W4Q27T0G7W',
'SP2B6MPHW4W16GE46Y3DJG64B6N8BHRKEQSG29F2P',
'SP3VTC5TNYC9ZJ5NZ9DG4HHZP5Z21ZM5JRSF6M5MD',
'SP2P6842881N2EWYRDVM3JJV18Q071M8SPB22PQ0Y',
'SP10VD0X3X2MBYZF52M25Q79QSM3JAB6HBADQRAVC',
'SP3YWPX6Q0TM8AXRA1KW4S5QEKW9GJSJVE8T4E9JJ',
'SP3BZKWWX77ZT2V57973JTHCY1PH7H80FCEDKH7CJ',
'SP3ESKVVDYHFNCXC3ZB9DATEDGSNCSSTQF0RCRMJQ',
'SP2QGM322FQ9VZJKGAM9MXT01HS8S8XA8KPK7DTEM',
'SP3AVQP79E907J115WYM2YB8C2SFFRDSESZD1AYWK',
'SP2YPN10XSWXWDV4NMVNBP9W4XSDAJ5GK64G3SNRS',
'SP3Y7DD17K5XNFZV1BQZC0YEYZZGXVAE6QNJB204A',
'SP3AEM26JN09V9PKBWN23XF6T7KVGQQSRTSXPFQ3K',
'SP3R4X3HS6DDAHYPW5Q737RBA3AFDERRXCHB5XCMP',
'SP3QXY1G9T71Z4MBNQ5M574YV7NXW45AMYTRWETFP',
'SP396KQBD2STVYBC2RE8BPTWJGG1M5NB3ZN6ERAGW',
'SP3EN06GEZM0TP51RJ6SGK0WEVTWJ5A9HVE9E5WT9',
'SPAJYAJBZDN49K04BEVZKEZ29MMRWB5VX1H5PS0B',
'SP1E8A3T3AW2HRFB5FXMYWB2DC0TSC6H1EGTHND1W',
'SP3YHVAR9CP9QD2D2HNJ5RH7NT5GXE2X4GXNX4YPX',
'SP32VJGSH8WAGZ73BT10AJABKEXVC1W1NBF1NRT20',
'SP3TM8TRJV54EQJCC51YHEE8VP1DA023GN9B15DZ4',
'SPBY4HSEJ3N8Q54JFJ7VFDC5TVMDN1NYWBR20N5A',
'SP1XHN9J4NHSWESHX27MG5FXQ5TVR628T7GNH7QT6',
'SP34GGE4MGJKGZC4W5XTH2DCD1SJMS3W62FJY7Z29',
'SP3SK9EMA3E6ZFCFVN1YCK9RCDQNWHVJWZDBEK0PY',
'SP31RM6SWEJ787WADZPHGWNP7XMH463HCX4CYX96A',
'SP3ZM9REEVE8YXENZ3TCEQREYAPSB1FAPRWE5CFNW',
'SP17M8VDZ7HS08QHX9F3DTGW6TGWZHCF7DSST1TYW',
'SP36N4FHY8YNG71V1N1F4ZQETTKWTQCV81R1BDJBV',
'SP12YSB5HEWT14SYT361ETN8G795KF0PMAMVCN5MJ',
'SP20AHZ3CXQ1NYV93JCZ34KHF3GV07YB0FCSWQBJ0'